id,user_id,full_name,avatar_url,average_rating,number_of_reviews,location,years_experience,jobs_done,response_time
33333333-cccc-4c01-8000-000000000001,11111111-aaaa-4a01-8000-000000000001,Pro 1,,0.0,0,Paris,3,0,
33333333-cccc-4c01-8000-000000000002,11111111-aaaa-4a01-8000-000000000002,Pro 2,,0.0,0,Paris,2,0,
33333333-cccc-4c01-8000-000000000003,11111111-aaaa-4a01-8000-000000000003,Pro 3,,0.0,0,Paris,5,0,
33333333-cccc-4c01-8000-000000000004,11111111-aaaa-4a01-8000-000000000004,Pro 4,,0.0,0,Paris,1,0,
33333333-cccc-4c01-8000-000000000005,11111111-aaaa-4a01-8000-000000000005,Pro 5,,0.0,0,Paris,7,0,
33333333-cccc-4c01-8000-000000000006,11111111-aaaa-4a01-8000-000000000006,Pro 6,,0.0,0,Paris,4,0,
33333333-cccc-4c01-8000-000000000007,11111111-aaaa-4a01-8000-000000000007,Pro 7,,0.0,0,Paris,6,0,
33333333-cccc-4c01-8000-000000000008,11111111-aaaa-4a01-8000-000000000008,Pro 8,,0.0,0,Paris,3,0,
33333333-cccc-4c01-8000-000000000009,11111111-aaaa-4a01-8000-000000000009,Pro 9,,0.0,0,Paris,2,0,
33333333-cccc-4c01-8000-000000000010,11111111-aaaa-4a01-8000-000000000010,Pro 10,,0.0,0,Paris,8,0,
